{"cameraMode":{"drawMode":0,"name":"Shaded","section":"Shading Mode"},"sceneLighting":true,"audioPlay":false,"sceneViewState":{"showFog":true,"showMaterialUpdate":false,"showSkybox":true,"showFlares":true,"showImageEffects":true,"showParticleSystems":true},"in2DMode":false,"pivot":{"x":0.1402076631784439,"y":0.3369053602218628,"z":-0.06439517438411713},"rotation":{"x":0.6752246618270874,"y":0.19413280487060548,"z":-0.19124282896518708,"w":0.685430109500885},"size":0.24414758384227754,"orthographic":true}